created,creator,id,is_archived,is_channel,is_general,is_member,is_org_shared,is_shared,name,name_normalized,num_members,previous_names,purpose.creator,purpose.last_set,purpose.value,topic.creator,topic.last_set,topic.value
1488344903,U4BR0JQLB,C4CJ3J1EK,True,True,False,False,False,False,1boston-crash-model,1boston-crash-model,0,['boston-crash-modeling'],,0,,,0,
1487185332,U44ASGR99,C4609PG10,False,True,False,True,False,False,accessibility,accessibility,13,[],U44ASGR99,1487340353,How to make sure our results can be accessed by everyone ? Don't let disabilty get in the way of democracy !,,0,
1485986997,U3FNRCTC3,C40CVBNNT,False,True,False,False,False,False,across-the-news,across-the-news,96,[],U3FNRCTC3,1485986997,Build a tool that helps readers quickly see all perspectives of a story,U4820S2FP,1488891167,Visualizing News Media Bias and its effects
1486915401,U39JB4RGR,C44E3F0CV,False,True,False,True,False,False,analyst-advocates,analyst-advocates,86,[],U39JB4RGR,1486915401,Making it easier for analysts to get started with D4D projects,,0,
1484228788,U3GCLA9BR,C3QKL8M98,False,True,False,True,False,False,assemble,assemble,244,[],U3GCLA9BR,1484228789,working to build tools and infrastructure to enable the study of online communities,U3GCLA9BR,1485785645,Welcome! checkout our community guide https://github.com/Data4Democracy/assemble/blob/master/community-guide.md
1491529725,U47DEH6QN,C4VTQ2G4U,False,True,False,False,False,False,atibroadcastapp,atibroadcastapp,32,[],U47DEH6QN,1491529725,For working on trusted partner broadcast app for the America the Indivisible Network in alignment with the Indivisible Project,,0,
1491066563,U4T21FC3D,C4T2L19J7,False,True,False,False,False,False,atx_political_ads,atx_political_ads,15,[],,0,,,0,
1491002973,U4STLH6V9,C4T0USKFU,False,True,False,True,False,False,bolsafamiliaexplore,bolsafamiliaexplore,17,[],U4STLH6V9,1491002974,Explore data from the Bolsa Familia social welfare program from the Brazilian Federal Goverment that distributes Billions of Dollars to low income families in Brazil (see: https://en.wikipedia.org/wiki/Bolsa_Fam%C3%ADlia).,,0,
1491002744,U44R03MBP,C4TLV9UBG,False,True,False,False,False,False,chicago-epa,chicago-epa,15,[],U44R03MBP,1491002758,Water Quality?,,0,
1486152382,U3YBT54FM,C40TWD84D,True,True,False,False,False,False,citizensvoice,citizensvoice,0,[],U3YBT54FM,1486152523,Project: Congressional constituents flood phone lines to convey their conerns / needs / wants while staffers manually tabulate. Itâ€™s 2017 and that is absolutely ridiculous. Let's solve that.,,0,
1482091742,U3F2BS82V,C3G7HFFSP,False,True,False,False,False,False,city-atlanta,city-atlanta,14,[],,0,,,0,
1482090608,U39JB4RGR,C3G7F689H,False,True,False,True,False,False,city-austin,city-austin,103,[],U39JB4RGR,1482090608,For people in or interested in Austin.,,0,
1490689246,U4Q74V3FE,C4PURJVBK,False,True,False,False,False,False,city-berlin,city-berlin,4,[],,0,,,0,
1490723956,U3X7QV64E,C4RK7ES3G,False,True,False,False,False,False,city-bloomington-in,city-bloomington-in,3,[],U3X7QV64E,1490723956,"D4D efforts connected to the City of Bloomington, IN (there are many Bloomingtons)",,0,
1482091567,U3FQSGHPW,C3GBSF4AY,False,True,False,False,False,False,city-boston,city-boston,98,[],U3FQSGHPW,1482091568,City of Boston-related chatter. ,,0,
1491445516,U4TMX0HFG,C4VU7R4F8,False,True,False,True,False,False,city-boulder,city-boulder,19,[],U4TMX0HFG,1491445516,"Boulder, CO!",,0,
1484094299,U3LBGTXPT,C3PRSV0N6,False,True,False,False,False,False,city-chicago,city-chicago,64,[],,0,,U3Z38J5BR,1489089886,Hackathon 3/31 and 4/1 at Metis in West Loop! Be there!
1488168203,U4AHVAP2N,C4AQ15EQ5,False,True,False,False,False,False,city-cincinnati,city-cincinnati,4,[],,0,,,0,
1484120340,U3GARQRQF,C3QK74HT8,False,True,False,False,False,False,city-columbus,city-columbus,10,[],U3GARQRQF,1484120340,"For people living in, interested in, or analyzing data from Columbus",,0,
1482098910,U3F4XHZ6D,C3G7XPD51,False,True,False,False,False,False,city-dc,city-dc,73,[],U3F4XHZ6D,1482098910,"talk about washington, dc related projects",,0,
1482095097,U3FS36DAP,C3H0M064X,False,True,False,False,False,False,city-denver,city-denver,37,[],,0,,,0,
1488987482,U3SHVMGSH,C4G459RAS,False,True,False,False,False,False,city-detroit,city-detroit,7,[],,0,,,0,
1490630601,U4LLGGS5B,C4Q5R2KDH,False,True,False,True,False,False,city-dfw,city-dfw,8,[],,0,,,0,
1484059702,U3N24KF32,C3Q7C31QE,False,True,False,False,False,False,city-hartford,city-hartford,6,[],U3N24KF32,1484059785,Chat about data efforts in the nutmeg state and the greater Hartford area!,,0,
1494528089,U5B1AC34L,C5CADC9FW,False,True,False,False,False,False,city-honolulu,city-honolulu,1,[],U5B1AC34L,1494528090,"Anyone interested in projects pertaining to Honolulu, HI.",,0,
1484596941,U3PM61CSZ,C3SSQPKSS,False,True,False,True,False,False,city-houston,city-houston,20,[],U3PM61CSZ,1484596941,For people that love data and live in Houston,,0,
1494488996,U5BQWJL4B,C5BUYP5T6,False,True,False,False,False,False,city-london,city-london,5,[],U5BQWJL4B,1494488997,Discussions on projects based in London,,0,
1482939699,U3FDWTM88,C3JMNN7UZ,False,True,False,True,False,False,city-losangeles,city-losangeles,46,[],U3FDWTM88,1482963213,Collaborate on projects in the greater Los Angeles area and nearby counties in the larger Southern California region.,,0,
1482091990,U3GBWSKC6,C3H0ENCCF,False,True,False,False,False,False,city-louisville,city-louisville,32,[],U3GBWSKC6,1482091990,Louisville stuff!,,0,
1497291363,U5P00NNMB,C5RQ5LP9N,False,True,False,False,False,False,city-munich,city-munich,1,['munich'],U5P00NNMB,1497291370,Willkommen im MÃ¼nchner Channel!,,0,
1482292789,U3HTGLGP8,C3J2X3Z8F,False,True,False,False,False,False,city-nashville,city-nashville,15,[],U3HTGLGP8,1482292790,Nashville/Middle TN projects &amp; discussion!,,0,
1482091522,U3GNC6NR5,C3G7H2NQK,False,True,False,False,False,False,city-nyc,city-nyc,168,[],U3GNC6NR5,1482091523,Discuss and collaborate on local nyc based data science projects,U3G504VL5,1495033521,D4D in NYC
1482092864,U3G45V5C5,C3GBV37QC,False,True,False,False,False,False,city-pdx,city-pdx,17,[],,0,,,0,
1494906664,U5ENCUB38,C5E1TQRFF,False,True,False,False,False,False,city-philadelphia,city-philadelphia,3,[],U5ENCUB38,1494906664,Channel for peeps in Philadelphia,,0,
1482101495,U3FMS7H9T,C3FJPQ77A,False,True,False,False,False,False,city-phoenix,city-phoenix,11,[],U3FMS7H9T,1482101496,"For folks in the Phoenix-Metro area (and any other Arizonans, too)",,0,
1485966910,U3YM4VDA4,C406R1ZAB,False,True,False,False,False,False,city-pittsburgh,city-pittsburgh,4,[],U3YM4VDA4,1485966911,steel city data nerds unite,,0,
1494981764,U4V8U27TQ,C5F6F7YJ2,False,True,False,False,False,False,city-portland-me,city-portland-me,2,[],U4V8U27TQ,1494981764,Portland ME,,0,
1483060673,U3K5QM5MX,C3LGLEQFQ,False,True,False,False,False,False,city-sanantonio,city-sanantonio,6,[],U3K5QM5MX,1483060673,For people in or interested in San Antonio.,,0,
1483067702,U3KSFHJPL,C3LHE0C4X,False,True,False,True,False,False,city-sandiego,city-sandiego,52,[],U3KSFHJPL,1483067702,Data Analysis of all things San Diego,,0,
1494432992,U55PP350C,C5AV1KTHP,False,True,False,False,False,False,city-sanfrancisco,city-sanfrancisco,8,[],U55PP350C,1494432993,Local collaboration,,0,
1482083885,U3FNRCTC3,C3FJGSHQ9,False,True,False,False,False,False,city-seattle,city-seattle,81,[],U3FNRCTC3,1482084434,Connect locally with Seattle data scientists to discuss local projects,,0,
1482092186,U3F3WU8SC,C3FJ5G96U,False,True,False,False,False,False,city-sf,city-sf,92,[],U3F3WU8SC,1482092186,Collaborate on San Francisco data projects,,0,
1487468645,U484Y5555,C47C0BZ6X,False,True,False,False,False,False,city-stl,city-stl,7,[],U484Y5555,1487468646,"Data projects in and about St. Louis, MO",,0,
1482091598,U3FPGK8F7,C3GC2JF61,False,True,False,False,False,False,city-syracuse,city-syracuse,4,[],U3FPGK8F7,1482091598,Gathering place for people who want to work on data projects in and around Central New York,,0,
1486170025,U3ZNUG2UR,C40SMCU03,True,True,False,False,False,False,collect-social,collect-social,0,[],,0,,,0,
1489422283,U3RJBT4SJ,C4HF75RPV,False,True,False,False,False,False,countermeme,countermeme,7,[],U3RJBT4SJ,1489422284,Discussion of the Countermeme project,,0,
1488821133,U4F0346EB,C4EBXDWA1,False,True,False,False,False,False,country_myanmar,country_myanmar,7,[],U4F0346EB,1488822363,Working in Myanmar? Headed to Myanmar? Interested in supporting data projects for Myanmar? Letâ€™s connect!,,0,
1484179937,U3HQG6Z41,C3QAV98E7,False,True,False,False,False,False,country-australia,country-australia,18,[],U3HQG6Z41,1484179937,Discussions and meeting place for Australian Data Scientists,,0,
1484130724,U3PLUG8SY,C3QM4FVAB,False,True,False,False,False,False,country-canada,country-canada,23,[],,0,,,0,
1487020283,U44ASGR99,C44R85475,False,True,False,True,False,False,country-france,country-france,19,[],U44ASGR99,1487022079,"Anything related to France ! Non French speakers : you are of course welcome. If you are struggling with something (words in a dataset...) because of the language, feel free to ask for help !",U44ASGR99,1487022213,"France Presidential elections : 23rd April, 2017"
1486389473,U3ZE311QU,C40P3H97A,False,True,False,False,False,False,country-germany,country-germany,23,[],U3ZE311QU,1486389474,anything related to Germany; especially in light of the upcoming election,,0,
1482941581,U3JTT96JK,C3KAJ2H6X,False,True,False,False,False,False,country-india,country-india,12,[],U3JTT96JK,1482941582,"Work on projects that can uplift the standard of living in India - promote safety of women, reduction in coal usage, improve road conditions, etc",,0,
1484246479,U3QHXF9UL,C3RFHUUGP,False,True,False,False,False,False,country-netherlands,country-netherlands,9,[],,0,,,0,
1490905806,U4SBF0Z3N,C4T0ZEAQ6,False,True,False,False,False,False,country-romania,country-romania,0,[],,0,,,0,
1482093012,U3FPGN05B,C3G9L4G4A,False,True,False,False,False,False,country-sweden,country-sweden,5,[],U3FPGN05B,1482093013,Local data inititatives in or about Sweden,,0,
1487035064,U449D4WE5,C45M58HU7,False,True,False,False,False,False,country-turkey,country-turkey,6,[],U449D4WE5,1487035064,Discussion and meeting place of all things data for Turkey,,0,
1494488927,U5BQWJL4B,C5CN6DCG7,False,True,False,False,False,False,country-uk,country-uk,2,[],U5BQWJL4B,1494488928,Discussions for data people in the UK,,0,
1490974917,U46H8VC3H,C4SQ5ND9A,False,True,False,False,False,False,d4d-hackathon-boston,d4d-hackathon-boston,9,[],,0,,,0,
1485953730,U3GBWSKC6,C3YMKNPMF,False,True,False,True,False,False,d4d-labs,d4d-labs,115,[],U3GBWSKC6,1485953730,"Explore cutting edge methodologies that members of the d4d community are building (tools, algorithms, apps, you name it!)",U42EYPQ2F,1489522247,A Methodology Colloquium channel: https://www.youtube.com/channel/UC86eeR0OyCLvtyGBd4RJDNQ
1485399112,U39JB4RGR,C3XAX4X5M,False,True,False,True,False,False,d4d-website,d4d-website,36,[],U39JB4RGR,1485399112,Making the Data for Democracy public facing website!,U39JB4RGR,1485399129,https://github.com/Data4Democracy/datafordemocracy.org
1485270152,U3GN145D4,C3V1NPRSM,False,True,False,True,False,False,data-dot-gov-archive,data-dot-gov-archive,84,[],U3GN145D4,1485270152,Copying federal datasets off of data.gov in case they disappear.,,0,
1490997828,U3U74LX89,C4TLFKLFR,False,True,False,False,False,False,dc-city,dc-city,1,[],,0,,,0,
1485996175,U3ZL3C7QU,C3ZPTFNH0,False,True,False,False,False,False,dev-ops,dev-ops,26,[],,0,,,0,
1484602272,U3GN0MBKQ,C3SABFRK7,False,True,False,False,False,False,discursive-commdetect,discursive-commdetect,58,[],U3GN0MBKQ,1484602273,Community detection,,0,
1494517784,U3GCLA9BR,C5BJ5TMMF,False,True,False,False,False,False,disinfo-campaigns,disinfo-campaigns,21,['disinfo-campigns'],U3GCLA9BR,1494517784,Research disinformation campaigns &amp; narrative hacking taking place in upcoming European elections,,0,
1481935800,U39JB4RGR,C3GNDQLLF,False,True,False,True,False,False,election-transparency,election-transparency,308,['voter-fraud'],U3F29FGUQ,1487029621,Collecting data and building models and visualizations to further the public's understanding of the electoral system.,U3F29FGUQ,1484833993,Check out our GH Page: https://github.com/Data4Democracy/election-transparency
1485812031,U3GCLA9BR,C3YFB4874,False,True,False,False,False,False,eventador,eventador,34,[],U3GCLA9BR,1485812265,https://github.com/Data4Democracy/assemble,U3GCLA9BR,1485812278,https://github.com/Data4Democracy/assemble/issues/12
1486602774,U3R8NBDUL,C433HKG2Z,True,True,False,False,False,False,everything,everything,0,[],,0,,,0,
1488165531,U3Z8QQTPU,C4AP5T51A,False,True,False,False,False,False,factcheck,factcheck,65,['factcheckbot'],U3Z8QQTPU,1488165531,To combat alternative facts via Twitter,U3Z8QQTPU,1492018793,A home for all things fact-checking-related in D4D.
1482089747,U39JB4RGR,C3GVCNKCN,False,True,False,True,False,False,far-right,far-right,253,[],U39JB4RGR,1482089747,"Projects investigating the alt-right, militia groups, etc.",U3FNVRZA6,1485785083,Check out https://github.com/Data4Democracy/far-right-analysis for an intro to #far-right and the latest news on what we're working on.
1494516788,U3GCLA9BR,C5CUM3FHC,True,True,False,False,False,False,fr-election-analysis,fr-election-analysis,0,[],U3GCLA9BR,1494516789,Brainstorm/coordinate post or series of posts following up on https://medium.com/data-for-democracy/democracy-hacked-a46c04d9e6d1,,0,
1480790983,U39JB4RGR,C39HEA0UQ,False,True,True,True,False,False,general,general,1772,[],U39JB4RGR,1484605960,"This channel is for hanging out and announcements. We'll make more specific channels for projects as necessary, but for now, introduce yourself and checked out the pinned posts! If you need help, ping @gecky or @jonathon, or head over to #onboarding!",U53N45ZRV,1492810475,Ping @projects for ideas on how to get involved! Start here to learn about what we're working on: https://github.com/Data4Democracy/read-this-first
1491020023,U4TN4G4MD,C4T4R1RGV,False,True,False,False,False,False,gerrymandering-fun,gerrymandering-fun,19,[],U4TN4G4MD,1491020023,To discuss Gerrymandering,,0,
1490376029,U3YMGF96Y,C4PAFB7PV,False,True,False,False,False,False,gif,gif,4,[],U3YMGF96Y,1490376029,for those of us who communicate with pictures,,0,
1483651991,U3GCLA9BR,C3N1L9MS9,False,True,False,True,False,False,github-help,github-help,78,[],U3GCLA9BR,1484228978,Ask questions &amp; experiment with git &amp; github in a group setting.,U3GCLA9BR,1484229009,https://github.com/Data4Democracy/github-playground
1485960789,U3GCLA9BR,C3YP8H2NM,False,True,False,True,False,False,github-labels,github-labels,8,[],,0,,,0,
1487943759,U41047U9Z,C49U954SX,False,True,False,False,False,False,glossary-bot,glossary-bot,3,[],U41047U9Z,1487943759,Default public channel for glossary bot,,0,
1489846777,U3F29FGUQ,C4KKTHNGH,False,True,False,False,False,False,hackathon-city-dc,hackathon-city-dc,23,[],U3F29FGUQ,1489846777,Discuss projects for the April 1 D4D Hackathon in DC,,0,
1490226154,U3F29FGUQ,C4MLJAD5E,False,True,False,False,False,False,hackathon-elect-trans,hackathon-elect-trans,30,['hackathon_elect_trans'],U3F29FGUQ,1490226155,Discuss projects for the March Hackathon for the Election Transparency group,,0,
1490810383,U3Y7W5HD1,C4QSRUKEU,False,True,False,True,False,False,hackathon-imm-conn,hackathon-imm-conn,9,[],U3Y7W5HD1,1490810383,Discuss projects for the March hackathon related to the immigration-connect project,,0,
1488301284,U3GHB48AC,C4BFJ5GHZ,False,True,False,True,False,False,hackathon-mar2017,hackathon-mar2017,183,[],U3GHB48AC,1488301284,"Discussion around the first D4D Hackathon, Mar 31-Apr 2",,0,
1491010848,U3FNRCTC3,C4SB2PUM7,False,True,False,False,False,False,hackathon-seattle17,hackathon-seattle17,21,[],U3FNRCTC3,1491010848,For those participating in the in-person Seattle hackathon,,0,
1490816181,U3WNV70JY,C4RNN5W85,False,True,False,True,False,False,hackathon-story,hackathon-story,62,[],U3WNV70JY,1490816182,"For dashing off live updates during the D4D hackathon, to be polished up and posted on social media.",,0,
1490042523,U3R8NBDUL,C4MN45WAK,False,True,False,False,False,False,hangouts,hangouts,38,[],U3R8NBDUL,1490042523,Have a topic for a future hangout? Want to hang?,,0,
1491062612,U3Y7W5HD1,C4T6X9Y0M,False,True,False,False,False,False,hate-classifier,hate-classifier,10,[],U3Y7W5HD1,1491062613,Working on hate speech classifier,,0,
1485896213,U3FL9S37D,C3ZNS59SS,False,True,False,True,False,False,hatecrime,hatecrime,29,[],U3FL9S37D,1485896214,Build the tools and infrastructure to create a georeferenced dataset on hatecrimes in Europe,,0,
1493311134,U4Z0E0Y3T,C55K4MV9A,False,True,False,False,False,False,housing,housing,10,[],U4Z0E0Y3T,1493324835,"general place for housing &amp; urban development projects! please join if you have interest proposing analyses and data collection involving housing/rental costs, zoning / development, gentrification, and the built environment.",,0,
1490149100,U3N2807JL,C4NEXKLNT,False,True,False,True,False,False,i-kids-and-families,i-kids-and-families,13,['fragile-families'],U3N2807JL,1496949774,A space to brainstorm and kick off projects related to kids and families!,U3N2807JL,1496949774,interest group - kids and families
1487706557,U43A3TXFX,C495V52S2,True,True,False,False,False,False,id-infrastructure,id-infrastructure,0,[],U43A3TXFX,1487706557,Infrastructure for the internal displacement project,,0,
1485658880,U39JB4RGR,C3XQVHBHR,False,True,False,True,False,False,immigration-connect,immigration-connect,95,[],U3FDWTM88,1489127204,Support non-profits working on immigration issues,,0,
1491856216,U4XTZK7L6,C4XAP5J05,True,True,False,False,False,False,indiadata,indiadata,0,[],U4XTZK7L6,1491856217,exclusive insight into data pertaining to India,,0,
1487284504,U39JB4RGR,C46162WJV,False,True,False,True,False,False,indivisible,indivisible,97,[],U39JB4RGR,1487284505,Aggregating call to action sites into a single application.,U4290V50Q,1488248841,github: https://github.com/Data4Democracy/indivisible
1486778083,U3F4NHLKB,C447NMTQV,False,True,False,True,False,False,internal-displacement,internal-displacement,98,[],U3F4NHLKB,1486778084,For technical discussion on the IDETECT #refugees project.,U3F4NHLKB,1487014016,GitHub repo: https://github.com/Data4Democracy/internal-displacement
1482424576,U3F4XHZ6D,C3JN38A3G,False,True,False,True,False,False,jobs,jobs,276,[],U3F4XHZ6D,1482424609,"Repository for anyone looking for data science talent, or data scientists looking for work",,0,
1487951056,U3XMA76FJ,C49CA3Z9P,False,True,False,True,False,False,julia,julia,13,[],U3XMA76FJ,1487951056,for anyone curious about julia!,,0,
1487991062,U3GNC6NR5,C4ADZ737X,False,True,False,False,False,False,justice,justice,23,[],U3GNC6NR5,1487991062,Data projects with justice data,,0,
1483310756,U3FMRAZPF,C3M1438AJ,False,True,False,False,False,False,kenya-pol-rhetoric,kenya-pol-rhetoric,22,[],U3FMRAZPF,1483310757,"Coordinating the ""Tracking the statements of Kenyan elites on social media"" project",,0,
1483080547,U3J2Q8WCT,C3KT6MZ9Q,False,True,False,True,False,False,learning,learning,323,[],U3J2Q8WCT,1483080548,A place to ask for help and share resources for learning to work with data,U3J2Q8WCT,1483080595,A place to ask for help and share resources for learning to work with data
1491024706,U3FDWTM88,C4TNC0PQE,False,True,False,True,False,False,local-impact,local-impact,20,[],U3FDWTM88,1491026410,Inform voters of the local contributions of agencies targeted to be eliminated by Trump administration. Provide voters contact information of their congressional representatives.,,0,
1485054124,U3KS0T0AC,C3UNRTWD8,False,True,False,True,False,False,marches,marches,53,['womens-march'],U3KS0T0AC,1486906823,The purpose of this channel is to discuss analyzing data related to Women's Marches and the Science Marches. ,,0,
1485789885,U3N2807JL,C3XHBBHNC,False,True,False,True,False,False,micro-projects,micro-projects,294,[],U3N2807JL,1485790103,https://github.com/Data4Democracy/micro-projects,,0,
1486828927,U41N5Q1V4,C43G0AGUQ,True,True,False,False,False,False,microprojects,microprojects,0,[],,0,,,0,
1491805409,U4SA2DQ5P,C4XF8GEKG,True,True,False,False,False,False,mistakes,mistakes,0,['film'],U4SA2DQ5P,1491805483,Created by mistake,,0,
1487702633,U3YBT54FM,C48C1BRH9,False,True,False,False,False,False,mode,mode,3,[],U3YBT54FM,1487702633,"mode analytics admin, data questions",,0,
1485182618,U3R8NBDUL,C3V6WB80M,False,True,False,True,False,False,news,news,133,[],U3R8NBDUL,1485182619,Have a news article that the community should be aware of? Post it here!,,0,
1484611833,U3FQ17PDZ,C3RJME6U9,False,True,False,True,False,False,nlp-twitter,nlp-twitter,84,[],U3FQ17PDZ,1484611834,explore and create nlp pipelines/analyses for twitter data,,0,
1491058602,U3RF46LP9,C4T3YSHMY,False,True,False,False,False,False,nyc-4chan,nyc-4chan,4,[],,0,,,0,
1490192156,U3XMA76FJ,C4MAYU8LR,False,True,False,False,False,False,nyc-hack-stakeholders,nyc-hack-stakeholders,11,[],U3XMA76FJ,1490192156,logistics for the nyc hackathon!,,0,
1491058216,U4T1NQ10T,C4TQAMQJK,False,True,False,False,False,False,nycfostercare,nycfostercare,5,[],U4T1NQ10T,1491058216,On-boarding of optimal foster families in the most efficient manner possible,,0,
1484604458,U39JB4RGR,C3S64JPTM,False,True,False,True,False,False,onboarding,onboarding,683,[],U39JB4RGR,1484604459,Getting help getting started!,,0,
1486307213,U3F29FGUQ,C4161CDCJ,False,True,False,False,False,False,open-elections,open-elections,66,[],U3F29FGUQ,1486307213,Channel to discuss helping out the OpenElections team collect elections data,U3GKNAT9S,1490882161,Helping collect elections data for the Open Elections Project: http://www.openelections.net/
1493047311,U3R8NBDUL,C54C4AYUW,False,True,False,True,False,False,operation-reachout,operation-reachout,11,[],U3R8NBDUL,1493047451,"Place to track who we are reaching out to, timelines, and track next steps. Trello for tracking https://trello.com/b/uYgGSxcw",,0,
1481914102,U3EUJQB6D,C3G0RJ7RT,True,True,False,False,False,False,ops-ftw,ops-ftw,0,[],U3YBT54FM,1485985534,"Infrastructure and automate all the things, rawr!",U3F4XHZ6D,1482943653,"Automate all the things, rawr!"
1482269662,U3FL9S37D,C3HV311TR,False,True,False,False,False,False,opsec,opsec,57,[],U3FL9S37D,1482269665,Talking/learning operational security,,0,
1485996720,U3R8NBDUL,C3Z347V3J,True,True,False,False,False,False,orgstructure,orgstructure,0,[],,0,,,0,
1485558672,U3R8NBDUL,C3XK1TBEX,False,True,False,False,False,False,overwatch,overwatch,1,[],,0,,,0,
1484868405,U3GN145D4,C3T9P5N8G,False,True,False,False,False,False,p-boston-crash-model,p-boston-crash-model,94,['boston-crash-modeling'],U3GN145D4,1484868406,Planning and executing Boston's crash modeling project,U3H69DP42,1490973027,Here for the hackathon? https://docs.google.com/document/d/1ibnjKjNN26dmajc9iCWtkyg7D6TstmCuz9pR1pCpklM/edit#
1491526006,U3F29FGUQ,C4VT6PP8U,False,True,False,False,False,False,p-centrist,p-centrist,6,[],,0,,,0,
1491003574,U3Z38J5BR,C4T230H5J,False,True,False,False,False,False,p-chicago-lobbying,p-chicago-lobbying,17,[],U3Z38J5BR,1491003575,Hackathon Project for Chicago,,0,
1482417499,U3GHB48AC,C3J47KNRJ,False,True,False,False,False,False,p-drug-spending,p-drug-spending,166,['drug-spending'],U3VQZAH6J,1486496656,"Finding ways to make Medicare drug spending data more consumable

More info here!
https://github.com/Data4Democracy/drug-spending/blob/master/README.md",U3GHB48AC,1485785730,"Welcome, new members! To find out more about the project and how you can help, check out our GitHub repo: https://github.com/data4democracy/drug-spending"
1495924351,U3N2807JL,C5JTYFRA7,False,True,False,True,False,False,p-eviction-chatbot,p-eviction-chatbot,9,[],,0,,,0,
1495118744,U4TMX0HFG,C5FV57ZD5,False,True,False,False,False,False,p-front-pages,p-front-pages,7,[],,0,,,0,
1491073416,U3F29FGUQ,C4T7R60S1,False,True,False,True,False,False,p-gerrymander,p-gerrymander,32,[],U3F29FGUQ,1491073416,Work with Samuel Wang on Gerrymandering Website,,0,
1494417848,U39JB4RGR,C5BE6LN5T,False,True,False,False,False,False,p-hate-score,p-hate-score,34,[],U39JB4RGR,1494417849,Assigning a Hate Score to media properties promoting racism and xenophobia.,,0,
1494244802,U39JB4RGR,C59DRB0TA,False,True,False,True,False,False,p-just-politics,p-just-politics,82,[],U39JB4RGR,1494244804,Identifying vulnerable seats in the 2018 midterm elections,U3XV8BQBE,1496006423,https://github.com/Data4Democracy/just-politics
1494607079,U5B40QDD0,C5CTQ264V,False,True,False,True,False,False,p-metadata4democracy,p-metadata4democracy,28,[],U5B40QDD0,1494607079,Tracking the metadata-for-democracy project,,0,
1491055911,U3G504VL5,C4SD953DX,False,True,False,False,False,False,p-nyc-accessibility,p-nyc-accessibility,14,['nyc-accessibility'],U3G504VL5,1491055912,new project! nyc!,,0,
1496181000,U5JU806DB,C5L273B0T,False,True,False,False,False,False,p-pudl,p-pudl,17,[],U5JU806DB,1496335625,Discussion of Catalyst Cooperative's Public Utility Data Liberation project. GitHub Repo: https://github.com/catalyst-cooperative/pudl,,0,
1495932611,U39JB4RGR,C5JDSJZU1,False,True,False,False,False,False,p-quorum,p-quorum,13,[],U39JB4RGR,1495932612,WordPress for open source intelligence.,,0,
1485298618,U3R8NBDUL,C3VA09CC9,False,True,False,False,False,False,p-verum,p-verum,40,"['project-verum', 'verum']",U3R8NBDUL,1485298618,a project dedicated to showing the voter how their candidate represents them through the analysis of state data.,,0,
1491084118,U3R8NBDUL,C4TS4GFK9,False,True,False,False,False,False,p-weather-data,p-weather-data,20,['weather-data'],U3R8NBDUL,1495751474,Democratizing Weather Data to make it easier for people to use. https://github.com/Data4Democracy/democratizing_weather_data,,0,
1495214138,U4TMX0HFG,C5FKCMLHZ,False,True,False,True,False,False,pair-wise,pair-wise,77,[],U501GDX7F,1495264507,For coordinating pair programming to help people get up to speed quickly with a new technology. Respond to requests via threading.,,0,
1481969575,U3FL9S37D,C3GPKHD6J,False,True,False,True,False,False,parseltongue,parseltongue,240,['parseltounge'],U3FL9S37D,1481969575,Python all the way!,,0,
1481976303,U3GNW72G7,C3G69A17W,True,True,False,False,False,False,parseltounge,parseltounge,0,[],,0,,,0,
1486396417,U3ZN3RY8J,C41JY9L1K,False,True,False,False,False,False,political-ads,political-ads,35,[],U3ZN3RY8J,1486396418,Channel to collaborate on the political-ads project.,,0,
1482352851,U3F4NHLKB,C3H24TA8G,False,True,False,True,False,False,project-ideas,project-ideas,529,[],U3F4NHLKB,1482352852,"Propose ventures, bounce around ideas, share interesting data, and find partners for new projects.",U3F4NHLKB,1496155742,Check out the list of project ideas in the repo: https://github.com/Data4Democracy/project-ideas/issues
1493496295,U3N2807JL,C560LQX17,False,True,False,True,False,False,projeto-lupa,projeto-lupa,16,['projeto-lupan'],,0,,,0,
1482161007,U39JB4RGR,C3FS0HPB2,False,True,False,False,False,False,propublica,propublica,218,[],U39JB4RGR,1482161008,A place to talk about ProPublica projects with Derek.,,0,
1490186361,U3GCLA9BR,C4MT8NSMR,False,True,False,False,False,False,pycon2017,pycon2017,16,[],U3GCLA9BR,1490186361,"Discuss PyCon May 17-25 Portland, Oregon",,0,
1487306055,U42EYPQ2F,C46SN23CL,True,True,False,False,False,False,python,python,0,[],U42EYPQ2F,1487306091,"A place to ask questions, recommend potentially useful packages, and share tips &amp; tricks about using the Python programming language",,0,
1483322674,U3G7EKAKE,C3KLG4NPK,True,True,False,False,False,False,python-users,python-users,0,[],U3G7EKAKE,1483322675,A place to ask questions and to share tips and tricks about using the Python language for data analysis.,,0,
1485877054,U3YPUMRH9,C3Y5E80U8,True,True,False,False,False,False,r_users,r_users,0,[],,0,,,0,
1481902100,U3GBWSKC6,C3F4HEVA5,False,True,False,False,False,False,r-users,r-users,228,[],U3GBWSKC6,1481902100,A place to ask questions and to share tips &amp; tricks about using the R language for data analysis,,0,
1480790983,U39JB4RGR,C3AB1CT1A,False,True,False,True,False,False,random,random,1717,[],,0,"A place for non-work-related flimflam, faffing, hodge-podge or jibber-jabber you'd prefer to keep out of more focused work-related channels.",U3Z38J5BR,1486678091,Bird talk. Only bird talk. Grackles or GTFO.
1484876676,U3F4NHLKB,C3TBT4N3T,False,True,False,True,False,False,refugees,refugees,140,['internal-displacement'],,0,,U3F4NHLKB,1485970429,For projects relating to refugees. Currently building a tool to classify and extract information about internal displacement from news articles and visualise it.
1483695936,U3FL9S37D,C3NQLB9AB,False,True,False,False,False,False,region-europe,region-europe,37,[],U3FL9S37D,1483695938,"Regional group for all things datascience in Europe! Projects, meetups and whatever crazy stuff we can come up with ðŸŽ‰",,0,
1487185233,U44ASGR99,C458W84QY,False,True,False,False,False,False,results-translations,results-translations,4,[],U44ASGR99,1487185234,Help people spread their results by translating them in another language.,,0,
1497296759,U4TMX0HFG,C5RRW94HE,False,True,False,True,False,False,showandtell,showandtell,15,[],,0,,,0,
1484079998,U3GCLA9BR,C3PNNMPGS,True,True,False,False,False,False,social-networks,social-networks,0,[],U3GCLA9BR,1484081190,People interested in building infrastructure and tools to enable the study of online social networks,U3GCLA9BR,1484137831,Project goals &amp; introductions
1496682807,U4KFTJ1BQ,C5NU94QLV,False,True,False,False,False,False,spark,spark,4,[],U4KFTJ1BQ,1496682808,"Discussions on Spark deployment, implementation, and algorithms.  For all Spark varieties - Scala Spark, PySpark, SparkR, SparkSQL, and Spark Streaming",,0,
1486175765,U3RA74N3D,C408B5C00,False,True,False,False,False,False,sql,sql,75,[],U3RA74N3D,1486175766,"For the learned, learning, and lovers of SQL",U3RA74N3D,1486177356,"For the learned, learning, and lovers of SQL"
1483501447,U3LAUCGRW,C3MNJJK1D,False,True,False,False,False,False,state-arkansas,state-arkansas,1,[],U3LAUCGRW,1483501447,"For people living in, interested in, or working on projects related to Arkansas",,0,
1491689176,U4UCVJD2P,C4VSN3SU8,False,True,False,False,False,False,state-colorado,state-colorado,3,[],U4UCVJD2P,1491689176,"Colorado state issues to research, TABOR impacts, water and land usage, election openness, education you name it.",,0,
1485832992,U3Z9R4URM,C3XUDEP4H,False,True,False,False,False,False,state-florida,state-florida,11,[],U3Z9R4URM,1485833437,Swing state and home of the infamous Florida Man.,,0,
1494528159,U5B1AC34L,C5C8ZAGF4,False,True,False,False,False,False,state-hawaii,state-hawaii,1,[],U5B1AC34L,1494528160,Hawaii is just a bunch of islands in the middle of the Pacific.,,0,
1482360183,U3HH1NWUB,C3HQFA5A6,False,True,False,False,False,False,state-iowa,state-iowa,7,['iowa'],U3HH1NWUB,1482360183,to data the heck out of the hawkeye state,,0,
1482497941,U3GCLA9BR,C3JAV8TMY,False,True,False,False,False,False,state-nc,state-nc,18,[],U3GCLA9BR,1482497942,"People living in, traveling to or interested in NC",,0,
1482116490,U3FTEBKEG,C3G9502GK,False,True,False,False,False,False,state-nebraska,state-nebraska,2,[],U3FTEBKEG,1482116490,I would be ecstatic if we get more than one person in here. ,,0,
1483471866,U3F20EVS4,C3L6X82DP,False,True,False,False,False,False,state-nj,state-nj,7,[],,0,,,0,
1488168352,U4AHVAP2N,C4AQ1JC13,False,True,False,False,False,False,state-ohio,state-ohio,2,[],,0,,,0,
1485359150,U3GHB48AC,C3X1B9SMD,False,True,False,False,False,False,state-tennessee,state-tennessee,14,[],U3GHB48AC,1485359151,"People living in, interested by, or doing work related to Tennessee",,0,
1482373459,U3HUPKZJ9,C3JH28TRV,False,True,False,False,False,False,state-virginia,state-virginia,16,[],,0,,,0,
1489767732,U3KF3AEMN,C4K9WNN8Y,False,True,False,False,False,False,stats,stats,21,[],U3KF3AEMN,1489767732,Random discussions about random variables,,0,
1485819979,U39JB4RGR,C3Z8125JB,False,True,False,True,False,False,storytelling,storytelling,126,['storyteling'],U39JB4RGR,1485819979,Writing and talking about the cool stuff the D4D community is doing,,0,
1494964769,U39JB4RGR,C5DN9PC5P,False,True,False,True,False,False,storytelling-news,storytelling-news,12,[],U39JB4RGR,1494964777,Chatting about the bi-weekly newsletter,,0,
1491059498,U3GN0MBKQ,C4T21GE1Z,True,True,False,False,False,False,supersecret-gabai,supersecret-gabai,0,[],U3GN0MBKQ,1491059499,discuss gab.ai and life,,0,
1487043952,U4433L98C,C454KAKUM,True,True,False,False,False,False,talent,talent,0,[],U4433L98C,1487043953,"Create a searchable list of each memberâ€™s talents, proficiencies, areas of interest, in order to make it easier to find the right talent set for a specific project.",,0,
1493908271,U3GHB48AC,C58P167FW,False,True,False,True,False,False,talk-politics,talk-politics,23,[],U3GHB48AC,1493908271,Free-form discussion of political topics,,0,
1486060691,U3ZAQ3WTF,C40SYQZRD,False,True,False,True,False,False,teaching,teaching,42,[],U3ZAQ3WTF,1486060691,Organizing resources for teachers who might want to connect d4d to their coursework.,,0,
1487039276,U43A3TXFX,C451DHH98,True,True,False,False,False,False,test,test,0,[],,0,,,0,
1486087553,U3RJBT4SJ,C3ZMG24LQ,True,True,False,False,False,False,testing,testing,0,[],,0,,,0,
1486125071,U39JB4RGR,C40HXL67L,True,True,False,False,False,False,thats-so-meta,thats-so-meta,0,[],U39JB4RGR,1486125071,Ideas and discussion to make D4D even more awesome.,,0,
1490040865,U3R8NBDUL,C4MMMUDV5,False,True,False,False,False,False,tool-pandas,tool-pandas,35,[],U3R8NBDUL,1490040865,Python's Pandas Tool,,0,
1484109054,U39JB4RGR,C3QJG4JAK,False,True,False,False,False,False,tools-support,tools-support,42,[],U39JB4RGR,1484109054,Talk to the companies providing awesome technologies to help the community. Get their help! Tell them you love them!,,0,
1493252233,U3GCLA9BR,C558VA72R,False,True,False,False,False,False,town-council,town-council,35,[],U4Z0E0Y3T,1497271031,Scraping &amp; centralizing text from local/city council meeting minutes and agendas. https://github.com/Data4Democracy/town-council,,0,
1481914696,U3EUJQB6D,C3F6YLKS4,False,True,False,False,False,False,travel,travel,74,[],U3EUJQB6D,1481914696,Post where you are headed and connect with local data nerds :airplane:,,0,
1484862504,U3GN0MBKQ,C3T8C0RDE,False,True,False,True,False,False,tutorials,tutorials,127,[],U3GN0MBKQ,1484862554,Make and curate tutorials for D4D projects.,U3F4NHLKB,1484862971,"Make and curate tutorials for D4D projects. For actual learning, see #learning."
1486236960,U3GN0MBKQ,C41P60WS3,True,True,False,False,False,False,tweepee,tweepee,0,[],U3GCLA9BR,1486379533,Back to #assemble !,,0,
1485897919,U3Y5WC07L,C3Z395MK4,False,True,False,False,False,False,tweetyourreps,tweetyourreps,8,[],,0,,,0,
1494671205,U5BQWJL4B,C5CDEAAFJ,False,True,False,False,False,False,uk-elections,uk-elections,16,[],U5CRBNATH,1494962275,"For discussions on the uk-elections project.
https://github.com/Data4Democracy/uk-elections",,0,
1484250361,U3QNVHZT5,C3QU0MVN0,False,True,False,True,False,False,usa-dashboard,usa-dashboard,180,[],U3QNVHZT5,1484250362,Project coordination for USA Dashboard project.,U3QNVHZT5,1485463318,Right now we're focused on scraping crime data from the largest cities.  See issues: https://github.com/Data4Democracy/usa-dashboard
1488389214,U3G4SB71B,C4C7ZJLRJ,True,True,False,False,False,False,virginia,virginia,0,[],,0,,,0,
1486743758,U3N2807JL,C4365U5T2,False,True,False,True,False,False,viz-kids,viz-kids,76,[],U3N2807JL,1486743758,"Let's talk about viz, baby!",U3Z38J5BR,1486743856,Who needs axis labels? Not us!
1494597830,U3GCLA9BR,C5C240LF2,False,True,False,False,False,False,wesearchr-spider,wesearchr-spider,5,[],U3GCLA9BR,1494597831,Discuss wesearchr spider,,0,
1491062993,U4824N2AY,C4SCYAPL0,False,True,False,True,False,False,white-house-pfds,white-house-pfds,23,[],U4824N2AY,1491062993,"for now, a mini-project to explore info extraction from the PDF files recently released by the white house",U4824N2AY,1491063009,PFD = personal financial disclosure =-)
